b'pfCode,yr,period,periodDesc,aggrLevel,IsLeaf,rgCode,rgDesc,rtCode,rtTitle,rt3ISO,ptCode,ptTitle,pt3ISO,ptCode2,ptTitle2,pt3ISO2,cstCode,cstDesc,motCode,motDesc,cmdCode,cmdDescE,qtCode,qtDesc,qtAltCode,qtAltDesc,TradeQuantity,AltQuantity,NetWeight,GrossWeight,TradeValue,CIFValue,FOBValue,estCode\r\n'
b'HS,2010,201003,March 2010,2,0,1,Imports,826,United Kingdom,,0,World,,,,,,,,,27,"Mineral fuels, oils, distillation products, etc",0,,,,,,,,4773932341,,,0\r\n'
b'HS,2011,201101,January 2011,2,0,4,Re-imports,826,United Kingdom,,0,World,,,,,,,,,27,"Mineral fuels, oils, distillation products, etc",0,,,,,,,,13290,,,0\r\n'
b'HS,2011,201102,February 2011,2,0,1,Imports,826,United Kingdom,,0,World,,,,,,,,,27,"Mineral fuels, oils, distillation products, etc",0,,,,,,,,6934994969,,,0\r\n'
b'HS,2011,201103,March 2011,2,0,1,Imports,826,United Kingdom,,0,World,,,,,,,,,27,"Mineral fuels, oils, distillation products, etc",0,,,,,,,,7416657016,,,0\r\n'
b'HS,2013,201301,January 2013,2,0,2,Exports,826,United Kingdom,,0,World,,,,,,,,,27,"Mineral fuels, oils, distillation products, etc",0,,,,,,,,5589375264,,,0\r\n'
b'HS,2015,201501,January 2015,2,0,1,Imports,826,United Kingdom,,0,World,,,,,,,,,27,"Mineral fuels, oils, distillation products, etc",0,,,,,,,,4326359647,,,0\r\n'
b'HS,2015,201503,March 2015,2,0,4,Re-imports,826,United Kingdom,,0,World,,,,,,,,,27,"Mineral fuels, oils, distillation products, etc",0,,,,,,,,11144,,,0\r\n'
b'HS,2015,201511,November 2015,2,0,4,Re-imports,826,United Kingdom,,0,World,,,,,,,,,27,"Mineral fuels, oils, distillation products, etc",0,,,,,,,,54730,,,0\r\n'
b'HS,2016,201601,January 2016,2,0,4,Re-imports,826,United Kingdom,,0,World,,,,,,,,,27,"Mineral fuels, oils, distillation products, etc",0,,,,,,,,25093,,,0\r\n'
b'HS,2016,201602,February 2016,2,0,4,Re-imports,826,United Kingdom,,0,World,,,,,,,,,27,"Mineral fuels, oils, distillation products, etc",0,,,,,,,,2593,,,0\r\n'
b'HS,2016,201603,March 2016,2,0,4,Re-imports,826,United Kingdom,,0,World,,,,,,,,,27,"Mineral fuels, oils, distillation products, etc",0,,,,,,,,1083,,,0\r\n'
b'HS,2010,201001,January 2010,2,0,1,Imports,826,United Kingdom,,0,World,,,,,,,,,27,"Mineral fuels, oils, distillation products, etc",0,,,,,,,,4693722559,,,0\r\n'
b'HS,2010,201001,January 2010,2,0,2,Exports,826,United Kingdom,,0,World,,,,,,,,,27,"Mineral fuels, oils, distillation products, etc",0,,,,,,,,4209435197,,,0\r\n'
b'HS,2010,201002,February 2010,2,0,1,Imports,826,United Kingdom,,0,World,,,,,,,,,27,"Mineral fuels, oils, distillation products, etc",0,,,,,,,,4763721633,,,0\r\n'
b'HS,2010,201002,February 2010,2,0,2,Exports,826,United Kingdom,,0,World,,,,,,,,,27,"Mineral fuels, oils, distillation products, etc",0,,,,,,,,4015423143,,,0\r\n'
b'HS,2010,201002,February 2010,2,0,4,Re-imports,826,United Kingdom,,0,World,,,,,,,,,27,"Mineral fuels, oils, distillation products, etc",0,,,,,,,,23912316,,,0\r\n'
b'HS,2010,201003,March 2010,2,0,2,Exports,826,United Kingdom,,0,World,,,,,,,,,27,"Mineral fuels, oils, distillation products, etc",0,,,,,,,,4364095416,,,0\r\n'
b'HS,2010,201004,April 2010,2,0,1,Imports,826,United Kingdom,,0,World,,,,,,,,,27,"Mineral fuels, oils, distillation products, etc",0,,,,,,,,5145568612,,,0\r\n'
b'HS,2010,201004,April 2010,2,0,2,Exports,826,United Kingdom,,0,World,,,,,,,,,27,"Mineral fuels, oils, distillation products, etc",0,,,,,,,,4486562607,,,0\r\n'
b'HS,2010,201005,May 2010,2,0,1,Imports,826,United Kingdom,,0,World,,,,,,,,,27,"Mineral fuels, oils, distillation products, etc",0,,,,,,,,4128975514,,,0\r\n'
b'HS,2010,201005,May 2010,2,0,2,Exports,826,United Kingdom,,0,World,,,,,,,,,27,"Mineral fuels, oils, distillation products, etc",0,,,,,,,,3914822631,,,0\r\n'
b'HS,2010,201006,June 2010,2,0,1,Imports,826,United Kingdom,,0,World,,,,,,,,,27,"Mineral fuels, oils, distillation products, etc",0,,,,,,,,4975693550,,,0\r\n'
b'HS,2010,201006,June 2010,2,0,2,Exports,826,United Kingdom,,0,World,,,,,,,,,27,"Mineral fuels, oils, distillation products, etc",0,,,,,,,,4708096853,,,0\r\n'
b'HS,2010,201007,July 2010,2,0,1,Imports,826,United Kingdom,,0,World,,,,,,,,,27,"Mineral fuels, oils, distillation products, etc",0,,,,,,,,5286246922,,,0\r\n'
b'HS,2010,201007,July 2010,2,0,2,Exports,826,United Kingdom,,0,World,,,,,,,,,27,"Mineral fuels, oils, distillation products, etc",0,,,,,,,,4338245387,,,0\r\n'
b'HS,2010,201008,August 2010,2,0,1,Imports,826,United Kingdom,,0,World,,,,,,,,,27,"Mineral fuels, oils, distillation products, etc",0,,,,,,,,5145249810,,,0\r\n'
b'HS,2010,201008,August 2010,2,0,2,Exports,826,United Kingdom,,0,World,,,,,,,,,27,"Mineral fuels, oils, distillation products, etc",0,,,,,,,,3267197000,,,0\r\n'
b'HS,2010,201009,September 2010,2,0,1,Imports,826,United Kingdom,,0,World,,,,,,,,,27,"Mineral fuels, oils, distillation products, etc",0,,,,,,,,5495264533,,,0\r\n'
b'HS,2010,201009,September 2010,2,0,2,Exports,826,United Kingdom,,0,World,,,,,,,,,27,"Mineral fuels, oils, distillation products, etc",0,,,,,,,,3714024770,,,0\r\n'
b'HS,2010,201010,October 2010,2,0,1,Imports,826,United Kingdom,,0,World,,,,,,,,,27,"Mineral fuels, oils, distillation products, etc",0,,,,,,,,4572623659,,,0\r\n'
b'HS,2010,201010,October 2010,2,0,2,Exports,826,United Kingdom,,0,World,,,,,,,,,27,"Mineral fuels, oils, distillation products, etc",0,,,,,,,,4737106578,,,0\r\n'
b'HS,2010,201011,November 2010,2,0,1,Imports,826,United Kingdom,,0,World,,,,,,,,,27,"Mineral fuels, oils, distillation products, etc",0,,,,,,,,6634178807,,,0\r\n'
b'HS,2010,201011,November 2010,2,0,2,Exports,826,United Kingdom,,0,World,,,,,,,,,27,"Mineral fuels, oils, distillation products, etc",0,,,,,,,,5061166133,,,0\r\n'
b'HS,2010,201012,December 2010,2,0,1,Imports,826,United Kingdom,,0,World,,,,,,,,,27,"Mineral fuels, oils, distillation products, etc",0,,,,,,,,7459235954,,,0\r\n'
b'HS,2010,201012,December 2010,2,0,2,Exports,826,United Kingdom,,0,World,,,,,,,,,27,"Mineral fuels, oils, distillation products, etc",0,,,,,,,,4787076431,,,0\r\n'
b'HS,2011,201101,January 2011,2,0,1,Imports,826,United Kingdom,,0,World,,,,,,,,,27,"Mineral fuels, oils, distillation products, etc",0,,,,,,,,7051924193,,,0\r\n'
b'HS,2011,201101,January 2011,2,0,2,Exports,826,United Kingdom,,0,World,,,,,,,,,27,"Mineral fuels, oils, distillation products, etc",0,,,,,,,,5267349830,,,0\r\n'
b'HS,2011,201102,February 2011,2,0,2,Exports,826,United Kingdom,,0,World,,,,,,,,,27,"Mineral fuels, oils, distillation products, etc",0,,,,,,,,4650884205,,,0\r\n'
b'HS,2011,201102,February 2011,2,0,4,Re-imports,826,United Kingdom,,0,World,,,,,,,,,27,"Mineral fuels, oils, distillation products, etc",0,,,,,,,,5258,,,0\r\n'
b'HS,2011,201103,March 2011,2,0,2,Exports,826,United Kingdom,,0,World,,,,,,,,,27,"Mineral fuels, oils, distillation products, etc",0,,,,,,,,5898359705,,,0\r\n'
b'HS,2011,201103,March 2011,2,0,4,Re-imports,826,United Kingdom,,0,World,,,,,,,,,27,"Mineral fuels, oils, distillation products, etc",0,,,,,,,,4611833,,,0\r\n'
b'HS,2011,201104,April 2011,2,0,1,Imports,826,United Kingdom,,0,World,,,,,,,,,27,"Mineral fuels, oils, distillation products, etc",0,,,,,,,,8090984792,,,0\r\n'
b'HS,2011,201104,April 2011,2,0,2,Exports,826,United Kingdom,,0,World,,,,,,,,,27,"Mineral fuels, oils, distillation products, etc",0,,,,,,,,6373073403,,,0\r\n'
b'HS,2011,201104,April 2011,2,0,4,Re-imports,826,United Kingdom,,0,World,,,,,,,,,27,"Mineral fuels, oils, distillation products, etc",0,,,,,,,,73555,,,0\r\n'
b'HS,2011,201105,May 2011,2,0,1,Imports,826,United Kingdom,,0,World,,,,,,,,,27,"Mineral fuels, oils, distillation products, etc",0,,,,,,,,7244191831,,,0\r\n'
b'HS,2011,201105,May 2011,2,0,2,Exports,826,United Kingdom,,0,World,,,,,,,,,27,"Mineral fuels, oils, distillation products, etc",0,,,,,,,,6231107391,,,0\r\n'
b'HS,2011,201105,May 2011,2,0,4,Re-imports,826,United Kingdom,,0,World,,,,,,,,,27,"Mineral fuels, oils, distillation products, etc",0,,,,,,,,5369,,,0\r\n'
b'HS,2011,201106,June 2011,2,0,1,Imports,826,United Kingdom,,0,World,,,,,,,,,27,"Mineral fuels, oils, distillation products, etc",0,,,,,,,,7568573858,,,0\r\n'
b'HS,2011,201106,June 2011,2,0,2,Exports,826,United Kingdom,,0,World,,,,,,,,,27,"Mineral fuels, oils, distillation products, etc",0,,,,,,,,5118541281,,,0\r\n'
b'HS,2011,201106,June 2011,2,0,4,Re-imports,826,United Kingdom,,0,World,,,,,,,,,27,"Mineral fuels, oils, distillation products, etc",0,,,,,,,,2164717,,,0\r\n'
b'HS,2011,201107,July 2011,2,0,1,Imports,826,United Kingdom,,0,World,,,,,,,,,27,"Mineral fuels, oils, distillation products, etc",0,,,,,,,,7528715095,,,0\r\n'
b'HS,2011,201107,July 2011,2,0,2,Exports,826,United Kingdom,,0,World,,,,,,,,,27,"Mineral fuels, oils, distillation products, etc",0,,,,,,,,5120179277,,,0\r\n'
b'HS,2011,201107,July 2011,2,0,4,Re-imports,826,United Kingdom,,0,World,,,,,,,,,27,"Mineral fuels, oils, distillation products, etc",0,,,,,,,,906198,,,0\r\n'
b'HS,2011,201108,August 2011,2,0,1,Imports,826,United Kingdom,,0,World,,,,,,,,,27,"Mineral fuels, oils, distillation products, etc",0,,,,,,,,7419573952,,,0\r\n'
b'HS,2011,201108,August 2011,2,0,2,Exports,826,United Kingdom,,0,World,,,,,,,,,27,"Mineral fuels, oils, distillation products, etc",0,,,,,,,,4455828151,,,0\r\n'
b'HS,2011,201108,August 2011,2,0,4,Re-imports,826,United Kingdom,,0,World,,,,,,,,,27,"Mineral fuels, oils, distillation products, etc",0,,,,,,,,609573,,,0\r\n'
b'HS,2011,201109,September 2011,2,0,1,Imports,826,United Kingdom,,0,World,,,,,,,,,27,"Mineral fuels, oils, distillation products, etc",0,,,,,,,,7718587329,,,0\r\n'
b'HS,2011,201109,September 2011,2,0,2,Exports,826,United Kingdom,,0,World,,,,,,,,,27,"Mineral fuels, oils, distillation products, etc",0,,,,,,,,4746808802,,,0\r\n'
b'HS,2011,201109,September 2011,2,0,4,Re-imports,826,United Kingdom,,0,World,,,,,,,,,27,"Mineral fuels, oils, distillation products, etc",0,,,,,,,,98152,,,0\r\n'
b'HS,2011,201110,October 2011,2,0,1,Imports,826,United Kingdom,,0,World,,,,,,,,,27,"Mineral fuels, oils, distillation products, etc",0,,,,,,,,7982101472,,,0\r\n'
b'HS,2011,201110,October 2011,2,0,2,Exports,826,United Kingdom,,0,World,,,,,,,,,27,"Mineral fuels, oils, distillation products, etc",0,,,,,,,,5177565772,,,0\r\n'
b'HS,2011,201111,November 2011,2,0,1,Imports,826,United Kingdom,,0,World,,,,,,,,,27,"Mineral fuels, oils, distillation products, etc",0,,,,,,,,8082379759,,,0\r\n'
b'HS,2011,201111,November 2011,2,0,2,Exports,826,United Kingdom,,0,World,,,,,,,,,27,"Mineral fuels, oils, distillation products, etc",0,,,,,,,,5189293491,,,0\r\n'
b'HS,2011,201111,November 2011,2,0,4,Re-imports,826,United Kingdom,,0,World,,,,,,,,,27,"Mineral fuels, oils, distillation products, etc",0,,,,,,,,526630,,,0\r\n'
b'HS,2011,201112,December 2011,2,0,1,Imports,826,United Kingdom,,0,World,,,,,,,,,27,"Mineral fuels, oils, distillation products, etc",0,,,,,,,,7162697840,,,0\r\n'
b'HS,2011,201112,December 2011,2,0,2,Exports,826,United Kingdom,,0,World,,,,,,,,,27,"Mineral fuels, oils, distillation products, etc",0,,,,,,,,5558168643,,,0\r\n'
b'HS,2011,201112,December 2011,2,0,4,Re-imports,826,United Kingdom,,0,World,,,,,,,,,27,"Mineral fuels, oils, distillation products, etc",0,,,,,,,,19417,,,0\r\n'
b'HS,2012,201201,January 2012,2,0,1,Imports,826,United Kingdom,,0,World,,,,,,,,,27,"Mineral fuels, oils, distillation products, etc",0,,,,,,,,8275620151,,,0\r\n'
b'HS,2012,201201,January 2012,2,0,2,Exports,826,United Kingdom,,0,World,,,,,,,,,27,"Mineral fuels, oils, distillation products, etc",0,,,,,,,,5529817055,,,0\r\n'
b'HS,2012,201201,January 2012,2,0,4,Re-imports,826,United Kingdom,,0,World,,,,,,,,,27,"Mineral fuels, oils, distillation products, etc",0,,,,,,,,1456,,,0\r\n'
b'HS,2012,201202,February 2012,2,0,1,Imports,826,United Kingdom,,0,World,,,,,,,,,27,"Mineral fuels, oils, distillation products, etc",0,,,,,,,,7263000993,,,0\r\n'
b'HS,2012,201202,February 2012,2,0,2,Exports,826,United Kingdom,,0,World,,,,,,,,,27,"Mineral fuels, oils, distillation products, etc",0,,,,,,,,5037094917,,,0\r\n'
b'HS,2012,201203,March 2012,2,0,1,Imports,826,United Kingdom,,0,World,,,,,,,,,27,"Mineral fuels, oils, distillation products, etc",0,,,,,,,,8355931302,,,0\r\n'
b'HS,2012,201203,March 2012,2,0,2,Exports,826,United Kingdom,,0,World,,,,,,,,,27,"Mineral fuels, oils, distillation products, etc",0,,,,,,,,5367571368,,,0\r\n'
b'HS,2012,201204,April 2012,2,0,1,Imports,826,United Kingdom,,0,World,,,,,,,,,27,"Mineral fuels, oils, distillation products, etc",0,,,,,,,,8002308774,,,0\r\n'
b'HS,2012,201204,April 2012,2,0,2,Exports,826,United Kingdom,,0,World,,,,,,,,,27,"Mineral fuels, oils, distillation products, etc",0,,,,,,,,5176958436,,,0\r\n'
b'HS,2012,201204,April 2012,2,0,4,Re-imports,826,United Kingdom,,0,World,,,,,,,,,27,"Mineral fuels, oils, distillation products, etc",0,,,,,,,,17437,,,0\r\n'
b'HS,2012,201205,May 2012,2,0,1,Imports,826,United Kingdom,,0,World,,,,,,,,,27,"Mineral fuels, oils, distillation products, etc",0,,,,,,,,7403649606,,,0\r\n'
b'HS,2012,201205,May 2012,2,0,2,Exports,826,United Kingdom,,0,World,,,,,,,,,27,"Mineral fuels, oils, distillation products, etc",0,,,,,,,,5298648583,,,0\r\n'
b'HS,2012,201205,May 2012,2,0,4,Re-imports,826,United Kingdom,,0,World,,,,,,,,,27,"Mineral fuels, oils, distillation products, etc",0,,,,,,,,3813,,,0\r\n'
b'HS,2012,201206,June 2012,2,0,1,Imports,826,United Kingdom,,0,World,,,,,,,,,27,"Mineral fuels, oils, distillation products, etc",0,,,,,,,,6642414461,,,0\r\n'
b'HS,2012,201206,June 2012,2,0,2,Exports,826,United Kingdom,,0,World,,,,,,,,,27,"Mineral fuels, oils, distillation products, etc",0,,,,,,,,4694310238,,,0\r\n'
b'HS,2012,201206,June 2012,2,0,4,Re-imports,826,United Kingdom,,0,World,,,,,,,,,27,"Mineral fuels, oils, distillation products, etc",0,,,,,,,,12404,,,0\r\n'
b'HS,2012,201207,July 2012,2,0,1,Imports,826,United Kingdom,,0,World,,,,,,,,,27,"Mineral fuels, oils, distillation products, etc",0,,,,,,,,6368795657,,,0\r\n'
b'HS,2012,201207,July 2012,2,0,2,Exports,826,United Kingdom,,0,World,,,,,,,,,27,"Mineral fuels, oils, distillation products, etc",0,,,,,,,,5848167286,,,0\r\n'
b'HS,2012,201207,July 2012,2,0,4,Re-imports,826,United Kingdom,,0,World,,,,,,,,,27,"Mineral fuels, oils, distillation products, etc",0,,,,,,,,8055,,,0\r\n'
b'HS,2012,201208,August 2012,2,0,1,Imports,826,United Kingdom,,0,World,,,,,,,,,27,"Mineral fuels, oils, distillation products, etc",0,,,,,,,,8196854576,,,0\r\n'
b'HS,2012,201208,August 2012,2,0,2,Exports,826,United Kingdom,,0,World,,,,,,,,,27,"Mineral fuels, oils, distillation products, etc",0,,,,,,,,5154644324,,,0\r\n'
b'HS,2012,201208,August 2012,2,0,4,Re-imports,826,United Kingdom,,0,World,,,,,,,,,27,"Mineral fuels, oils, distillation products, etc",0,,,,,,,,10911,,,0\r\n'
b'HS,2012,201209,September 2012,2,0,1,Imports,826,United Kingdom,,0,World,,,,,,,,,27,"Mineral fuels, oils, distillation products, etc",0,,,,,,,,6977730621,,,0\r\n'
b'HS,2012,201209,September 2012,2,0,2,Exports,826,United Kingdom,,0,World,,,,,,,,,27,"Mineral fuels, oils, distillation products, etc",0,,,,,,,,4401612989,,,0\r\n'
b'HS,2012,201209,September 2012,2,0,4,Re-imports,826,United Kingdom,,0,World,,,,,,,,,27,"Mineral fuels, oils, distillation products, etc",0,,,,,,,,1894,,,0\r\n'
b'HS,2012,201210,October 2012,2,0,1,Imports,826,United Kingdom,,0,World,,,,,,,,,27,"Mineral fuels, oils, distillation products, etc",0,,,,,,,,7193821895,,,0\r\n'
b'HS,2012,201210,October 2012,2,0,2,Exports,826,United Kingdom,,0,World,,,,,,,,,27,"Mineral fuels, oils, distillation products, etc",0,,,,,,,,4869940548,,,0\r\n'
b'HS,2012,201210,October 2012,2,0,4,Re-imports,826,United Kingdom,,0,World,,,,,,,,,27,"Mineral fuels, oils, distillation products, etc",0,,,,,,,,2281,,,0\r\n'
b'HS,2012,201211,November 2012,2,0,1,Imports,826,United Kingdom,,0,World,,,,,,,,,27,"Mineral fuels, oils, distillation products, etc",0,,,,,,,,8200290982,,,0\r\n'
b'HS,2012,201211,November 2012,2,0,2,Exports,826,United Kingdom,,0,World,,,,,,,,,27,"Mineral fuels, oils, distillation products, etc",0,,,,,,,,4359875847,,,0\r\n'
b'HS,2012,201212,December 2012,2,0,1,Imports,826,United Kingdom,,0,World,,,,,,,,,27,"Mineral fuels, oils, distillation products, etc",0,,,,,,,,9163151249,,,0\r\n'
b'HS,2012,201212,December 2012,2,0,2,Exports,826,United Kingdom,,0,World,,,,,,,,,27,"Mineral fuels, oils, distillation products, etc",0,,,,,,,,5284450719,,,0\r\n'
b'HS,2012,201212,December 2012,2,0,4,Re-imports,826,United Kingdom,,0,World,,,,,,,,,27,"Mineral fuels, oils, distillation products, etc",0,,,,,,,,30787,,,0\r\n'
b'HS,2013,201301,January 2013,2,0,1,Imports,826,United Kingdom,,0,World,,,,,,,,,27,"Mineral fuels, oils, distillation products, etc",0,,,,,,,,7565412045,,,0\r\n'
b'HS,2013,201302,February 2013,2,0,1,Imports,826,United Kingdom,,0,World,,,,,,,,,27,"Mineral fuels, oils, distillation products, etc",0,,,,,,,,6245276707,,,0\r\n'
b'HS,2013,201302,February 2013,2,0,2,Exports,826,United Kingdom,,0,World,,,,,,,,,27,"Mineral fuels, oils, distillation products, etc",0,,,,,,,,4998375298,,,0\r\n'
b'HS,2013,201303,March 2013,2,0,1,Imports,826,United Kingdom,,0,World,,,,,,,,,27,"Mineral fuels, oils, distillation products, etc",0,,,,,,,,7028714463,,,0\r\n'
b'HS,2013,201303,March 2013,2,0,2,Exports,826,United Kingdom,,0,World,,,,,,,,,27,"Mineral fuels, oils, distillation products, etc",0,,,,,,,,4607685466,,,0\r\n'
b'HS,2013,201303,March 2013,2,0,4,Re-imports,826,United Kingdom,,0,World,,,,,,,,,27,"Mineral fuels, oils, distillation products, etc",0,,,,,,,,552666,,,0\r\n'
b'HS,2013,201304,April 2013,2,0,1,Imports,826,United Kingdom,,0,World,,,,,,,,,27,"Mineral fuels, oils, distillation products, etc",0,,,,,,,,7491302630,,,0\r\n'
b'HS,2013,201304,April 2013,2,0,2,Exports,826,United Kingdom,,0,World,,,,,,,,,27,"Mineral fuels, oils, distillation products, etc",0,,,,,,,,4273351319,,,0\r\n'
b'HS,2013,201304,April 2013,2,0,4,Re-imports,826,United Kingdom,,0,World,,,,,,,,,27,"Mineral fuels, oils, distillation products, etc",0,,,,,,,,14245,,,0\r\n'
b'HS,2013,201305,May 2013,2,0,1,Imports,826,United Kingdom,,0,World,,,,,,,,,27,"Mineral fuels, oils, distillation products, etc",0,,,,,,,,7733097662,,,0\r\n'
b'HS,2013,201305,May 2013,2,0,2,Exports,826,United Kingdom,,0,World,,,,,,,,,27,"Mineral fuels, oils, distillation products, etc",0,,,,,,,,4945098966,,,0\r\n'
b'HS,2013,201305,May 2013,2,0,4,Re-imports,826,United Kingdom,,0,World,,,,,,,,,27,"Mineral fuels, oils, distillation products, etc",0,,,,,,,,3286,,,0\r\n'
b'HS,2013,201306,June 2013,2,0,1,Imports,826,United Kingdom,,0,World,,,,,,,,,27,"Mineral fuels, oils, distillation products, etc",0,,,,,,,,6331809425,,,0\r\n'
b'HS,2013,201306,June 2013,2,0,2,Exports,826,United Kingdom,,0,World,,,,,,,,,27,"Mineral fuels, oils, distillation products, etc",0,,,,,,,,4304962098,,,0\r\n'
b'HS,2013,201306,June 2013,2,0,4,Re-imports,826,United Kingdom,,0,World,,,,,,,,,27,"Mineral fuels, oils, distillation products, etc",0,,,,,,,,10027,,,0\r\n'
b'HS,2013,201307,July 2013,2,0,1,Imports,826,United Kingdom,,0,World,,,,,,,,,27,"Mineral fuels, oils, distillation products, etc",0,,,,,,,,6629782232,,,0\r\n'
b'HS,2013,201307,July 2013,2,0,2,Exports,826,United Kingdom,,0,World,,,,,,,,,27,"Mineral fuels, oils, distillation products, etc",0,,,,,,,,4876646247,,,0\r\n'
b'HS,2013,201307,July 2013,2,0,4,Re-imports,826,United Kingdom,,0,World,,,,,,,,,27,"Mineral fuels, oils, distillation products, etc",0,,,,,,,,1291,,,0\r\n'
b'HS,2013,201308,August 2013,2,0,1,Imports,826,United Kingdom,,0,World,,,,,,,,,27,"Mineral fuels, oils, distillation products, etc",0,,,,,,,,6783120172,,,0\r\n'
b'HS,2013,201308,August 2013,2,0,2,Exports,826,United Kingdom,,0,World,,,,,,,,,27,"Mineral fuels, oils, distillation products, etc",0,,,,,,,,4109511019,,,0\r\n'
b'HS,2013,201308,August 2013,2,0,4,Re-imports,826,United Kingdom,,0,World,,,,,,,,,27,"Mineral fuels, oils, distillation products, etc",0,,,,,,,,313713,,,0\r\n'
b'HS,2013,201309,September 2013,2,0,1,Imports,826,United Kingdom,,0,World,,,,,,,,,27,"Mineral fuels, oils, distillation products, etc",0,,,,,,,,6321304708,,,0\r\n'
b'HS,2013,201309,September 2013,2,0,2,Exports,826,United Kingdom,,0,World,,,,,,,,,27,"Mineral fuels, oils, distillation products, etc",0,,,,,,,,4907746287,,,0\r\n'
b'HS,2013,201309,September 2013,2,0,4,Re-imports,826,United Kingdom,,0,World,,,,,,,,,27,"Mineral fuels, oils, distillation products, etc",0,,,,,,,,12030,,,0\r\n'
b'HS,2013,201310,October 2013,2,0,1,Imports,826,United Kingdom,,0,World,,,,,,,,,27,"Mineral fuels, oils, distillation products, etc",0,,,,,,,,6863958619,,,0\r\n'
b'HS,2013,201310,October 2013,2,0,2,Exports,826,United Kingdom,,0,World,,,,,,,,,27,"Mineral fuels, oils, distillation products, etc",0,,,,,,,,3957535668,,,0\r\n'
b'HS,2013,201310,October 2013,2,0,4,Re-imports,826,United Kingdom,,0,World,,,,,,,,,27,"Mineral fuels, oils, distillation products, etc",0,,,,,,,,241909,,,0\r\n'
b'HS,2013,201311,November 2013,2,0,1,Imports,826,United Kingdom,,0,World,,,,,,,,,27,"Mineral fuels, oils, distillation products, etc",0,,,,,,,,6613344880,,,0\r\n'
b'HS,2013,201311,November 2013,2,0,2,Exports,826,United Kingdom,,0,World,,,,,,,,,27,"Mineral fuels, oils, distillation products, etc",0,,,,,,,,3731845820,,,0\r\n'
b'HS,2013,201311,November 2013,2,0,4,Re-imports,826,United Kingdom,,0,World,,,,,,,,,27,"Mineral fuels, oils, distillation products, etc",0,,,,,,,,54089,,,0\r\n'
b'HS,2013,201312,December 2013,2,0,1,Imports,826,United Kingdom,,0,World,,,,,,,,,27,"Mineral fuels, oils, distillation products, etc",0,,,,,,,,6060979855,,,0\r\n'
b'HS,2013,201312,December 2013,2,0,2,Exports,826,United Kingdom,,0,World,,,,,,,,,27,"Mineral fuels, oils, distillation products, etc",0,,,,,,,,4881320040,,,0\r\n'
b'HS,2013,201312,December 2013,2,0,4,Re-imports,826,United Kingdom,,0,World,,,,,,,,,27,"Mineral fuels, oils, distillation products, etc",0,,,,,,,,24249,,,0\r\n'
b'HS,2014,201401,January 2014,2,0,1,Imports,826,United Kingdom,,0,World,,,,,,,,,27,"Mineral fuels, oils, distillation products, etc",0,,,,,,,,8271940170,,,0\r\n'
b'HS,2014,201401,January 2014,2,0,2,Exports,826,United Kingdom,,0,World,,,,,,,,,27,"Mineral fuels, oils, distillation products, etc",0,,,,,,,,4841044177,,,0\r\n'
b'HS,2014,201401,January 2014,2,0,4,Re-imports,826,United Kingdom,,0,World,,,,,,,,,27,"Mineral fuels, oils, distillation products, etc",0,,,,,,,,2738,,,0\r\n'
b'HS,2014,201402,February 2014,2,0,1,Imports,826,United Kingdom,,0,World,,,,,,,,,27,"Mineral fuels, oils, distillation products, etc",0,,,,,,,,6592605458,,,0\r\n'
b'HS,2014,201402,February 2014,2,0,2,Exports,826,United Kingdom,,0,World,,,,,,,,,27,"Mineral fuels, oils, distillation products, etc",0,,,,,,,,5251558426,,,0\r\n'
b'HS,2014,201402,February 2014,2,0,4,Re-imports,826,United Kingdom,,0,World,,,,,,,,,27,"Mineral fuels, oils, distillation products, etc",0,,,,,,,,2417,,,0\r\n'
b'HS,2014,201403,March 2014,2,0,1,Imports,826,United Kingdom,,0,World,,,,,,,,,27,"Mineral fuels, oils, distillation products, etc",0,,,,,,,,6435829915,,,0\r\n'
b'HS,2014,201403,March 2014,2,0,2,Exports,826,United Kingdom,,0,World,,,,,,,,,27,"Mineral fuels, oils, distillation products, etc",0,,,,,,,,5881809297,,,0\r\n'
b'HS,2014,201404,April 2014,2,0,1,Imports,826,United Kingdom,,0,World,,,,,,,,,27,"Mineral fuels, oils, distillation products, etc",0,,,,,,,,6486868475,,,0\r\n'
b'HS,2014,201404,April 2014,2,0,2,Exports,826,United Kingdom,,0,World,,,,,,,,,27,"Mineral fuels, oils, distillation products, etc",0,,,,,,,,5149575191,,,0\r\n'
b'HS,2014,201404,April 2014,2,0,4,Re-imports,826,United Kingdom,,0,World,,,,,,,,,27,"Mineral fuels, oils, distillation products, etc",0,,,,,,,,15746,,,0\r\n'
b'HS,2014,201405,May 2014,2,0,1,Imports,826,United Kingdom,,0,World,,,,,,,,,27,"Mineral fuels, oils, distillation products, etc",0,,,,,,,,6898630635,,,0\r\n'
b'HS,2014,201405,May 2014,2,0,2,Exports,826,United Kingdom,,0,World,,,,,,,,,27,"Mineral fuels, oils, distillation products, etc",0,,,,,,,,5721681934,,,0\r\n'
b'HS,2014,201405,May 2014,2,0,4,Re-imports,826,United Kingdom,,0,World,,,,,,,,,27,"Mineral fuels, oils, distillation products, etc",0,,,,,,,,31178,,,0\r\n'
b'HS,2014,201406,June 2014,2,0,1,Imports,826,United Kingdom,,0,World,,,,,,,,,27,"Mineral fuels, oils, distillation products, etc",0,,,,,,,,6071952230,,,0\r\n'
b'HS,2014,201406,June 2014,2,0,2,Exports,826,United Kingdom,,0,World,,,,,,,,,27,"Mineral fuels, oils, distillation products, etc",0,,,,,,,,4506313526,,,0\r\n'
b'HS,2014,201406,June 2014,2,0,4,Re-imports,826,United Kingdom,,0,World,,,,,,,,,27,"Mineral fuels, oils, distillation products, etc",0,,,,,,,,12336,,,0\r\n'
b'HS,2014,201407,July 2014,2,0,1,Imports,826,United Kingdom,,0,World,,,,,,,,,27,"Mineral fuels, oils, distillation products, etc",0,,,,,,,,7086619464,,,0\r\n'
b'HS,2014,201407,July 2014,2,0,2,Exports,826,United Kingdom,,0,World,,,,,,,,,27,"Mineral fuels, oils, distillation products, etc",0,,,,,,,,5210907437,,,0\r\n'
b'HS,2014,201407,July 2014,2,0,4,Re-imports,826,United Kingdom,,0,World,,,,,,,,,27,"Mineral fuels, oils, distillation products, etc",0,,,,,,,,38141,,,0\r\n'
b'HS,2014,201408,August 2014,2,0,1,Imports,826,United Kingdom,,0,World,,,,,,,,,27,"Mineral fuels, oils, distillation products, etc",0,,,,,,,,5611101503,,,0\r\n'
b'HS,2014,201408,August 2014,2,0,2,Exports,826,United Kingdom,,0,World,,,,,,,,,27,"Mineral fuels, oils, distillation products, etc",0,,,,,,,,3607200457,,,0\r\n'
b'HS,2014,201408,August 2014,2,0,4,Re-imports,826,United Kingdom,,0,World,,,,,,,,,27,"Mineral fuels, oils, distillation products, etc",0,,,,,,,,13467,,,0\r\n'
b'HS,2014,201409,September 2014,2,0,1,Imports,826,United Kingdom,,0,World,,,,,,,,,27,"Mineral fuels, oils, distillation products, etc",0,,,,,,,,7147108067,,,0\r\n'
b'HS,2014,201409,September 2014,2,0,2,Exports,826,United Kingdom,,0,World,,,,,,,,,27,"Mineral fuels, oils, distillation products, etc",0,,,,,,,,4646728116,,,0\r\n'
b'HS,2014,201409,September 2014,2,0,4,Re-imports,826,United Kingdom,,0,World,,,,,,,,,27,"Mineral fuels, oils, distillation products, etc",0,,,,,,,,21550,,,0\r\n'
b'HS,2014,201410,October 2014,2,0,1,Imports,826,United Kingdom,,0,World,,,,,,,,,27,"Mineral fuels, oils, distillation products, etc",0,,,,,,,,5932907595,,,0\r\n'
b'HS,2014,201410,October 2014,2,0,2,Exports,826,United Kingdom,,0,World,,,,,,,,,27,"Mineral fuels, oils, distillation products, etc",0,,,,,,,,4358699594,,,0\r\n'
b'HS,2014,201410,October 2014,2,0,4,Re-imports,826,United Kingdom,,0,World,,,,,,,,,27,"Mineral fuels, oils, distillation products, etc",0,,,,,,,,1383,,,0\r\n'
b'HS,2014,201411,November 2014,2,0,1,Imports,826,United Kingdom,,0,World,,,,,,,,,27,"Mineral fuels, oils, distillation products, etc",0,,,,,,,,4879292865,,,0\r\n'
b'HS,2014,201411,November 2014,2,0,2,Exports,826,United Kingdom,,0,World,,,,,,,,,27,"Mineral fuels, oils, distillation products, etc",0,,,,,,,,3653351824,,,0\r\n'
b'HS,2014,201411,November 2014,2,0,4,Re-imports,826,United Kingdom,,0,World,,,,,,,,,27,"Mineral fuels, oils, distillation products, etc",0,,,,,,,,10888443,,,0\r\n'
b'HS,2014,201412,December 2014,2,0,1,Imports,826,United Kingdom,,0,World,,,,,,,,,27,"Mineral fuels, oils, distillation products, etc",0,,,,,,,,5994233326,,,0\r\n'
b'HS,2014,201412,December 2014,2,0,2,Exports,826,United Kingdom,,0,World,,,,,,,,,27,"Mineral fuels, oils, distillation products, etc",0,,,,,,,,3513992193,,,0\r\n'
b'HS,2014,201412,December 2014,2,0,4,Re-imports,826,United Kingdom,,0,World,,,,,,,,,27,"Mineral fuels, oils, distillation products, etc",0,,,,,,,,47841982,,,0\r\n'
b'HS,2015,201501,January 2015,2,0,2,Exports,826,United Kingdom,,0,World,,,,,,,,,27,"Mineral fuels, oils, distillation products, etc",0,,,,,,,,2541621855,,,0\r\n'
b'HS,2015,201501,January 2015,2,0,4,Re-imports,826,United Kingdom,,0,World,,,,,,,,,27,"Mineral fuels, oils, distillation products, etc",0,,,,,,,,10579776,,,0\r\n'
b'HS,2015,201502,February 2015,2,0,1,Imports,826,United Kingdom,,0,World,,,,,,,,,27,"Mineral fuels, oils, distillation products, etc",0,,,,,,,,4523572459,,,0\r\n'
b'HS,2015,201502,February 2015,2,0,2,Exports,826,United Kingdom,,0,World,,,,,,,,,27,"Mineral fuels, oils, distillation products, etc",0,,,,,,,,2507774485,,,0\r\n'
b'HS,2015,201503,March 2015,2,0,1,Imports,826,United Kingdom,,0,World,,,,,,,,,27,"Mineral fuels, oils, distillation products, etc",0,,,,,,,,4360002945,,,0\r\n'
b'HS,2015,201503,March 2015,2,0,2,Exports,826,United Kingdom,,0,World,,,,,,,,,27,"Mineral fuels, oils, distillation products, etc",0,,,,,,,,2448153428,,,0\r\n'
b'HS,2015,201504,April 2015,2,0,1,Imports,826,United Kingdom,,0,World,,,,,,,,,27,"Mineral fuels, oils, distillation products, etc",0,,,,,,,,4234684280,,,0\r\n'
b'HS,2015,201504,April 2015,2,0,2,Exports,826,United Kingdom,,0,World,,,,,,,,,27,"Mineral fuels, oils, distillation products, etc",0,,,,,,,,2434573544,,,0\r\n'
b'HS,2015,201504,April 2015,2,0,4,Re-imports,826,United Kingdom,,0,World,,,,,,,,,27,"Mineral fuels, oils, distillation products, etc",0,,,,,,,,7049,,,0\r\n'
b'HS,2015,201505,May 2015,2,0,1,Imports,826,United Kingdom,,0,World,,,,,,,,,27,"Mineral fuels, oils, distillation products, etc",0,,,,,,,,4342675129,,,0\r\n'
b'HS,2015,201505,May 2015,2,0,2,Exports,826,United Kingdom,,0,World,,,,,,,,,27,"Mineral fuels, oils, distillation products, etc",0,,,,,,,,3670952544,,,0\r\n'
b'HS,2015,201505,May 2015,2,0,4,Re-imports,826,United Kingdom,,0,World,,,,,,,,,27,"Mineral fuels, oils, distillation products, etc",0,,,,,,,,2409,,,0\r\n'
b'HS,2015,201506,June 2015,2,0,1,Imports,826,United Kingdom,,0,World,,,,,,,,,27,"Mineral fuels, oils, distillation products, etc",0,,,,,,,,4727612098,,,0\r\n'
b'HS,2015,201506,June 2015,2,0,2,Exports,826,United Kingdom,,0,World,,,,,,,,,27,"Mineral fuels, oils, distillation products, etc",0,,,,,,,,2872781671,,,0\r\n'
b'HS,2015,201506,June 2015,2,0,4,Re-imports,826,United Kingdom,,0,World,,,,,,,,,27,"Mineral fuels, oils, distillation products, etc",0,,,,,,,,10473,,,0\r\n'
b'HS,2015,201507,July 2015,2,0,1,Imports,826,United Kingdom,,0,World,,,,,,,,,27,"Mineral fuels, oils, distillation products, etc",0,,,,,,,,4106347757,,,0\r\n'
b'HS,2015,201507,July 2015,2,0,2,Exports,826,United Kingdom,,0,World,,,,,,,,,27,"Mineral fuels, oils, distillation products, etc",0,,,,,,,,3062726661,,,0\r\n'
b'HS,2015,201507,July 2015,2,0,4,Re-imports,826,United Kingdom,,0,World,,,,,,,,,27,"Mineral fuels, oils, distillation products, etc",0,,,,,,,,2611353,,,0\r\n'
b'HS,2015,201508,August 2015,2,0,1,Imports,826,United Kingdom,,0,World,,,,,,,,,27,"Mineral fuels, oils, distillation products, etc",0,,,,,,,,3917752745,,,0\r\n'
b'HS,2015,201508,August 2015,2,0,2,Exports,826,United Kingdom,,0,World,,,,,,,,,27,"Mineral fuels, oils, distillation products, etc",0,,,,,,,,2367416735,,,0\r\n'
b'HS,2015,201509,September 2015,2,0,1,Imports,826,United Kingdom,,0,World,,,,,,,,,27,"Mineral fuels, oils, distillation products, etc",0,,,,,,,,3871782689,,,0\r\n'
b'HS,2015,201509,September 2015,2,0,2,Exports,826,United Kingdom,,0,World,,,,,,,,,27,"Mineral fuels, oils, distillation products, etc",0,,,,,,,,2297391131,,,0\r\n'
b'HS,2015,201509,September 2015,2,0,4,Re-imports,826,United Kingdom,,0,World,,,,,,,,,27,"Mineral fuels, oils, distillation products, etc",0,,,,,,,,3094,,,0\r\n'
b'HS,2015,201510,October 2015,2,0,1,Imports,826,United Kingdom,,0,World,,,,,,,,,27,"Mineral fuels, oils, distillation products, etc",0,,,,,,,,4673141695,,,0\r\n'
b'HS,2015,201510,October 2015,2,0,2,Exports,826,United Kingdom,,0,World,,,,,,,,,27,"Mineral fuels, oils, distillation products, etc",0,,,,,,,,2524267037,,,0\r\n'
b'HS,2015,201510,October 2015,2,0,4,Re-imports,826,United Kingdom,,0,World,,,,,,,,,27,"Mineral fuels, oils, distillation products, etc",0,,,,,,,,5978,,,0\r\n'
b'HS,2015,201511,November 2015,2,0,1,Imports,826,United Kingdom,,0,World,,,,,,,,,27,"Mineral fuels, oils, distillation products, etc",0,,,,,,,,3548714897,,,0\r\n'
b'HS,2015,201511,November 2015,2,0,2,Exports,826,United Kingdom,,0,World,,,,,,,,,27,"Mineral fuels, oils, distillation products, etc",0,,,,,,,,2429269882,,,0\r\n'
b'HS,2015,201512,December 2015,2,0,1,Imports,826,United Kingdom,,0,World,,,,,,,,,27,"Mineral fuels, oils, distillation products, etc",0,,,,,,,,3152979778,,,0\r\n'
b'HS,2015,201512,December 2015,2,0,2,Exports,826,United Kingdom,,0,World,,,,,,,,,27,"Mineral fuels, oils, distillation products, etc",0,,,,,,,,2095057797,,,0\r\n'
b'HS,2015,201512,December 2015,2,0,4,Re-imports,826,United Kingdom,,0,World,,,,,,,,,27,"Mineral fuels, oils, distillation products, etc",0,,,,,,,,1252034,,,0\r\n'
b'HS,2016,201601,January 2016,2,0,1,Imports,826,United Kingdom,,0,World,,,,,,,,,27,"Mineral fuels, oils, distillation products, etc",0,,,,,,,,2870498583,,,0\r\n'
b'HS,2016,201601,January 2016,2,0,2,Exports,826,United Kingdom,,0,World,,,,,,,,,27,"Mineral fuels, oils, distillation products, etc",0,,,,,,,,1634193849,,,0\r\n'
b'HS,2016,201602,February 2016,2,0,1,Imports,826,United Kingdom,,0,World,,,,,,,,,27,"Mineral fuels, oils, distillation products, etc",0,,,,,,,,2501804802,,,0\r\n'
b'HS,2016,201602,February 2016,2,0,2,Exports,826,United Kingdom,,0,World,,,,,,,,,27,"Mineral fuels, oils, distillation products, etc",0,,,,,,,,1537728098,,,0\r\n'
b'HS,2016,201603,March 2016,2,0,1,Imports,826,United Kingdom,,0,World,,,,,,,,,27,"Mineral fuels, oils, distillation products, etc",0,,,,,,,,3185298891,,,0\r\n'
b'HS,2016,201603,March 2016,2,0,2,Exports,826,United Kingdom,,0,World,,,,,,,,,27,"Mineral fuels, oils, distillation products, etc",0,,,,,,,,1740620125,,,0\r\n'
